"","timestamp","date","origin","variable","value"
"1",1448315085.07,2015-11-23 21:44:45,"kitchen","temperature",24.4
"2",1448315085.07,2015-11-23 21:44:45,"kitchen","humidity",44.9
"3",1448315085.07,2015-11-23 21:44:45,"bedroom","temperature",24.8
"4",1448315085.07,2015-11-23 21:44:45,"bedroom","humidity",46.1
"5",1448318685.07,2015-11-23 22:44:45,"kitchen","temperature",23
"6",1448318685.07,2015-11-23 22:44:45,"kitchen","humidity",41.1
"7",1448318685.07,2015-11-23 22:44:45,"bedroom","temperature",23.6
"8",1448318685.07,2015-11-23 22:44:45,"bedroom","humidity",45.7
"9",1448322285.07,2015-11-23 23:44:45,"kitchen","temperature",23.4
"10",1448322285.07,2015-11-23 23:44:45,"kitchen","humidity",46.9
"11",1448322285.07,2015-11-23 23:44:45,"bedroom","temperature",24.5
"12",1448322285.07,2015-11-23 23:44:45,"bedroom","humidity",41.6
"13",1448325885.07,2015-11-24 00:44:45,"kitchen","temperature",24.8
"14",1448325885.07,2015-11-24 00:44:45,"kitchen","humidity",41.4
"15",1448325885.07,2015-11-24 00:44:45,"bedroom","temperature",24.2
"16",1448325885.07,2015-11-24 00:44:45,"bedroom","humidity",44.4
"17",1448329485.07,2015-11-24 01:44:45,"kitchen","temperature",23.3
"18",1448329485.07,2015-11-24 01:44:45,"kitchen","humidity",41.2
"19",1448329485.07,2015-11-24 01:44:45,"bedroom","temperature",24.5
"20",1448329485.07,2015-11-24 01:44:45,"bedroom","humidity",43.7
"21",1448333085.07,2015-11-24 02:44:45,"kitchen","temperature",24
"22",1448333085.07,2015-11-24 02:44:45,"kitchen","humidity",42.9
"23",1448333085.07,2015-11-24 02:44:45,"bedroom","temperature",23.1
"24",1448333085.07,2015-11-24 02:44:45,"bedroom","humidity",48.7
"25",1448336685.07,2015-11-24 03:44:45,"kitchen","temperature",23
"26",1448336685.07,2015-11-24 03:44:45,"kitchen","humidity",42.1
"27",1448336685.07,2015-11-24 03:44:45,"bedroom","temperature",24
"28",1448336685.07,2015-11-24 03:44:45,"bedroom","humidity",42
"29",1448340285.07,2015-11-24 04:44:45,"kitchen","temperature",24.9
"30",1448340285.07,2015-11-24 04:44:45,"kitchen","humidity",47.7
"31",1448340285.07,2015-11-24 04:44:45,"bedroom","temperature",23.9
"32",1448340285.07,2015-11-24 04:44:45,"bedroom","humidity",42.6
"33",1448343885.07,2015-11-24 05:44:45,"kitchen","temperature",23.4
"34",1448343885.07,2015-11-24 05:44:45,"kitchen","humidity",47.9
"35",1448343885.07,2015-11-24 05:44:45,"bedroom","temperature",23.5
"36",1448343885.07,2015-11-24 05:44:45,"bedroom","humidity",42.3
"37",1448347485.07,2015-11-24 06:44:45,"kitchen","temperature",23.1
"38",1448347485.07,2015-11-24 06:44:45,"kitchen","humidity",43.9
"39",1448347485.07,2015-11-24 06:44:45,"bedroom","temperature",24.4
"40",1448347485.07,2015-11-24 06:44:45,"bedroom","humidity",49.4
"41",1448351085.07,2015-11-24 07:44:45,"kitchen","temperature",23.7
"42",1448351085.07,2015-11-24 07:44:45,"kitchen","humidity",43
"43",1448351085.07,2015-11-24 07:44:45,"bedroom","temperature",23.9
"44",1448351085.07,2015-11-24 07:44:45,"bedroom","humidity",47.3
"45",1448354685.07,2015-11-24 08:44:45,"kitchen","temperature",24.7
"46",1448354685.07,2015-11-24 08:44:45,"kitchen","humidity",47.8
"47",1448354685.07,2015-11-24 08:44:45,"bedroom","temperature",23.3
"48",1448354685.07,2015-11-24 08:44:45,"bedroom","humidity",47.8
"49",1448358285.07,2015-11-24 09:44:45,"kitchen","temperature",24.2
"50",1448358285.07,2015-11-24 09:44:45,"kitchen","humidity",46.1
"51",1448358285.07,2015-11-24 09:44:45,"bedroom","temperature",23.1
"52",1448358285.07,2015-11-24 09:44:45,"bedroom","humidity",42.3
"53",1448361885.07,2015-11-24 10:44:45,"kitchen","temperature",23.3
"54",1448361885.07,2015-11-24 10:44:45,"kitchen","humidity",42.3
"55",1448361885.07,2015-11-24 10:44:45,"bedroom","temperature",23.3
"56",1448361885.07,2015-11-24 10:44:45,"bedroom","humidity",46.8
"57",1448365485.07,2015-11-24 11:44:45,"kitchen","temperature",24
"58",1448365485.07,2015-11-24 11:44:45,"kitchen","humidity",42.8
"59",1448365485.07,2015-11-24 11:44:45,"bedroom","temperature",23.2
"60",1448365485.07,2015-11-24 11:44:45,"bedroom","humidity",44
"61",1448369085.07,2015-11-24 12:44:45,"kitchen","temperature",23.7
"62",1448369085.07,2015-11-24 12:44:45,"kitchen","humidity",40.8
"63",1448369085.07,2015-11-24 12:44:45,"bedroom","temperature",24.3
"64",1448369085.07,2015-11-24 12:44:45,"bedroom","humidity",48.4
"65",1448372685.07,2015-11-24 13:44:45,"kitchen","temperature",23.4
"66",1448372685.07,2015-11-24 13:44:45,"kitchen","humidity",44.6
"67",1448372685.07,2015-11-24 13:44:45,"bedroom","temperature",24.2
"68",1448372685.07,2015-11-24 13:44:45,"bedroom","humidity",44.8
"69",1448376285.07,2015-11-24 14:44:45,"kitchen","temperature",23.8
"70",1448376285.07,2015-11-24 14:44:45,"kitchen","humidity",45.4
"71",1448376285.07,2015-11-24 14:44:45,"bedroom","temperature",24
"72",1448376285.07,2015-11-24 14:44:45,"bedroom","humidity",43.7
"73",1448379885.07,2015-11-24 15:44:45,"kitchen","temperature",23.5
"74",1448379885.07,2015-11-24 15:44:45,"kitchen","humidity",42.3
"75",1448379885.07,2015-11-24 15:44:45,"bedroom","temperature",24.3
"76",1448379885.07,2015-11-24 15:44:45,"bedroom","humidity",49.2
"77",1448383485.07,2015-11-24 16:44:45,"kitchen","temperature",24.5
"78",1448383485.07,2015-11-24 16:44:45,"kitchen","humidity",44.2
"79",1448383485.07,2015-11-24 16:44:45,"bedroom","temperature",23.5
"80",1448383485.07,2015-11-24 16:44:45,"bedroom","humidity",41.6
"81",1448387085.07,2015-11-24 17:44:45,"kitchen","temperature",24.9
"82",1448387085.07,2015-11-24 17:44:45,"kitchen","humidity",42.8
"83",1448387085.07,2015-11-24 17:44:45,"bedroom","temperature",24.6
"84",1448387085.07,2015-11-24 17:44:45,"bedroom","humidity",47
"85",1448390685.07,2015-11-24 18:44:45,"kitchen","temperature",23.4
"86",1448390685.07,2015-11-24 18:44:45,"kitchen","humidity",47.7
"87",1448390685.07,2015-11-24 18:44:45,"bedroom","temperature",23.2
"88",1448390685.07,2015-11-24 18:44:45,"bedroom","humidity",46.5
"89",1448394285.07,2015-11-24 19:44:45,"kitchen","temperature",23.4
"90",1448394285.07,2015-11-24 19:44:45,"kitchen","humidity",40.5
"91",1448394285.07,2015-11-24 19:44:45,"bedroom","temperature",24.8
"92",1448394285.07,2015-11-24 19:44:45,"bedroom","humidity",43.1
"93",1448397885.07,2015-11-24 20:44:45,"kitchen","temperature",23.7
"94",1448397885.07,2015-11-24 20:44:45,"kitchen","humidity",44.7
"95",1448397885.07,2015-11-24 20:44:45,"bedroom","temperature",23.3
"96",1448397885.07,2015-11-24 20:44:45,"bedroom","humidity",42.6
"97",1448401485.07,2015-11-24 21:44:45,"kitchen","temperature",23
"98",1448401485.07,2015-11-24 21:44:45,"kitchen","humidity",43.1
"99",1448401485.07,2015-11-24 21:44:45,"bedroom","temperature",23
"100",1448401485.07,2015-11-24 21:44:45,"bedroom","humidity",48.1
"101",1448405085.07,2015-11-24 22:44:45,"kitchen","temperature",24
"102",1448405085.07,2015-11-24 22:44:45,"kitchen","humidity",44.3
"103",1448405085.07,2015-11-24 22:44:45,"bedroom","temperature",23
"104",1448405085.07,2015-11-24 22:44:45,"bedroom","humidity",45.3
"105",1448408685.07,2015-11-24 23:44:45,"kitchen","temperature",23.4
"106",1448408685.07,2015-11-24 23:44:45,"kitchen","humidity",44.4
"107",1448408685.07,2015-11-24 23:44:45,"bedroom","temperature",23.8
"108",1448408685.07,2015-11-24 23:44:45,"bedroom","humidity",45.8
"109",1448412285.07,2015-11-25 00:44:45,"kitchen","temperature",24.3
"110",1448412285.07,2015-11-25 00:44:45,"kitchen","humidity",40.4
"111",1448412285.07,2015-11-25 00:44:45,"bedroom","temperature",24.5
"112",1448412285.07,2015-11-25 00:44:45,"bedroom","humidity",41.4
"113",1448415885.07,2015-11-25 01:44:45,"kitchen","temperature",23.5
"114",1448415885.07,2015-11-25 01:44:45,"kitchen","humidity",40.2
"115",1448415885.07,2015-11-25 01:44:45,"bedroom","temperature",23.2
"116",1448415885.07,2015-11-25 01:44:45,"bedroom","humidity",49
"117",1448419485.07,2015-11-25 02:44:45,"kitchen","temperature",24
"118",1448419485.07,2015-11-25 02:44:45,"kitchen","humidity",47.7
"119",1448419485.07,2015-11-25 02:44:45,"bedroom","temperature",23.3
"120",1448419485.07,2015-11-25 02:44:45,"bedroom","humidity",43.9
"121",1448423085.07,2015-11-25 03:44:45,"kitchen","temperature",23.1
"122",1448423085.07,2015-11-25 03:44:45,"kitchen","humidity",40.9
"123",1448423085.07,2015-11-25 03:44:45,"bedroom","temperature",24.7
"124",1448423085.07,2015-11-25 03:44:45,"bedroom","humidity",48.7
"125",1448426685.07,2015-11-25 04:44:45,"kitchen","temperature",23.1
"126",1448426685.07,2015-11-25 04:44:45,"kitchen","humidity",41.6
"127",1448426685.07,2015-11-25 04:44:45,"bedroom","temperature",23.4
"128",1448426685.07,2015-11-25 04:44:45,"bedroom","humidity",41.2
"129",1448430285.07,2015-11-25 05:44:45,"kitchen","temperature",23.6
"130",1448430285.07,2015-11-25 05:44:45,"kitchen","humidity",49.8
"131",1448430285.07,2015-11-25 05:44:45,"bedroom","temperature",24.7
"132",1448430285.07,2015-11-25 05:44:45,"bedroom","humidity",41
"133",1448433885.07,2015-11-25 06:44:45,"kitchen","temperature",23.6
"134",1448433885.07,2015-11-25 06:44:45,"kitchen","humidity",46.3
"135",1448433885.07,2015-11-25 06:44:45,"bedroom","temperature",24.7
"136",1448433885.07,2015-11-25 06:44:45,"bedroom","humidity",43
"137",1448437485.07,2015-11-25 07:44:45,"kitchen","temperature",23.4
"138",1448437485.07,2015-11-25 07:44:45,"kitchen","humidity",45.3
"139",1448437485.07,2015-11-25 07:44:45,"bedroom","temperature",24.6
"140",1448437485.07,2015-11-25 07:44:45,"bedroom","humidity",43.9
"141",1448441085.07,2015-11-25 08:44:45,"kitchen","temperature",23.1
"142",1448441085.07,2015-11-25 08:44:45,"kitchen","humidity",46.3
"143",1448441085.07,2015-11-25 08:44:45,"bedroom","temperature",23.1
"144",1448441085.07,2015-11-25 08:44:45,"bedroom","humidity",43.2
"145",1448444685.07,2015-11-25 09:44:45,"kitchen","temperature",24.9
"146",1448444685.07,2015-11-25 09:44:45,"kitchen","humidity",45.8
"147",1448444685.07,2015-11-25 09:44:45,"bedroom","temperature",23.6
"148",1448444685.07,2015-11-25 09:44:45,"bedroom","humidity",43.3
"149",1448448285.07,2015-11-25 10:44:45,"kitchen","temperature",24.7
"150",1448448285.07,2015-11-25 10:44:45,"kitchen","humidity",47.3
"151",1448448285.07,2015-11-25 10:44:45,"bedroom","temperature",23.3
"152",1448448285.07,2015-11-25 10:44:45,"bedroom","humidity",46.4
"153",1448451885.07,2015-11-25 11:44:45,"kitchen","temperature",24.5
"154",1448451885.07,2015-11-25 11:44:45,"kitchen","humidity",48.5
"155",1448451885.07,2015-11-25 11:44:45,"bedroom","temperature",23.9
"156",1448451885.07,2015-11-25 11:44:45,"bedroom","humidity",48.7
"157",1448455485.07,2015-11-25 12:44:45,"kitchen","temperature",23.5
"158",1448455485.07,2015-11-25 12:44:45,"kitchen","humidity",47.7
"159",1448455485.07,2015-11-25 12:44:45,"bedroom","temperature",24.3
"160",1448455485.07,2015-11-25 12:44:45,"bedroom","humidity",47
"161",1448459085.07,2015-11-25 13:44:45,"kitchen","temperature",23.2
"162",1448459085.07,2015-11-25 13:44:45,"kitchen","humidity",43.3
"163",1448459085.07,2015-11-25 13:44:45,"bedroom","temperature",23.1
"164",1448459085.07,2015-11-25 13:44:45,"bedroom","humidity",42.8
"165",1448462685.07,2015-11-25 14:44:45,"kitchen","temperature",24.4
"166",1448462685.07,2015-11-25 14:44:45,"kitchen","humidity",47.1
"167",1448462685.07,2015-11-25 14:44:45,"bedroom","temperature",23
"168",1448462685.07,2015-11-25 14:44:45,"bedroom","humidity",42.2
"169",1448466285.07,2015-11-25 15:44:45,"kitchen","temperature",23.5
"170",1448466285.07,2015-11-25 15:44:45,"kitchen","humidity",46
"171",1448466285.07,2015-11-25 15:44:45,"bedroom","temperature",23.6
"172",1448466285.07,2015-11-25 15:44:45,"bedroom","humidity",44.3
"173",1448469885.07,2015-11-25 16:44:45,"kitchen","temperature",23
"174",1448469885.07,2015-11-25 16:44:45,"kitchen","humidity",46.7
"175",1448469885.07,2015-11-25 16:44:45,"bedroom","temperature",23.5
"176",1448469885.07,2015-11-25 16:44:45,"bedroom","humidity",41
"177",1448473485.07,2015-11-25 17:44:45,"kitchen","temperature",23.9
"178",1448473485.07,2015-11-25 17:44:45,"kitchen","humidity",43.5
"179",1448473485.07,2015-11-25 17:44:45,"bedroom","temperature",24.4
"180",1448473485.07,2015-11-25 17:44:45,"bedroom","humidity",44.1
"181",1448477085.07,2015-11-25 18:44:45,"kitchen","temperature",24.1
"182",1448477085.07,2015-11-25 18:44:45,"kitchen","humidity",40.9
"183",1448477085.07,2015-11-25 18:44:45,"bedroom","temperature",24.7
"184",1448477085.07,2015-11-25 18:44:45,"bedroom","humidity",48
"185",1448480685.07,2015-11-25 19:44:45,"kitchen","temperature",24.8
"186",1448480685.07,2015-11-25 19:44:45,"kitchen","humidity",44.8
"187",1448480685.07,2015-11-25 19:44:45,"bedroom","temperature",24.7
"188",1448480685.07,2015-11-25 19:44:45,"bedroom","humidity",40.6
"189",1448484285.07,2015-11-25 20:44:45,"kitchen","temperature",23.4
"190",1448484285.07,2015-11-25 20:44:45,"kitchen","humidity",49
"191",1448484285.07,2015-11-25 20:44:45,"bedroom","temperature",24.9
"192",1448484285.07,2015-11-25 20:44:45,"bedroom","humidity",46.3
"193",1448487885.07,2015-11-25 21:44:45,"kitchen","temperature",23.3
"194",1448487885.07,2015-11-25 21:44:45,"kitchen","humidity",40.6
"195",1448487885.07,2015-11-25 21:44:45,"bedroom","temperature",24.6
"196",1448487885.07,2015-11-25 21:44:45,"bedroom","humidity",46.7
"197",1448491485.07,2015-11-25 22:44:45,"kitchen","temperature",24.5
"198",1448491485.07,2015-11-25 22:44:45,"kitchen","humidity",49.2
"199",1448491485.07,2015-11-25 22:44:45,"bedroom","temperature",24.5
"200",1448491485.07,2015-11-25 22:44:45,"bedroom","humidity",44.2
"201",1448495085.07,2015-11-25 23:44:45,"kitchen","temperature",24.9
"202",1448495085.07,2015-11-25 23:44:45,"kitchen","humidity",47.6
"203",1448495085.07,2015-11-25 23:44:45,"bedroom","temperature",24.1
"204",1448495085.07,2015-11-25 23:44:45,"bedroom","humidity",43.9
"205",1448498685.07,2015-11-26 00:44:45,"kitchen","temperature",24.6
"206",1448498685.07,2015-11-26 00:44:45,"kitchen","humidity",40.5
"207",1448498685.07,2015-11-26 00:44:45,"bedroom","temperature",23.3
"208",1448498685.07,2015-11-26 00:44:45,"bedroom","humidity",46.4
"209",1448502285.07,2015-11-26 01:44:45,"kitchen","temperature",24.1
"210",1448502285.07,2015-11-26 01:44:45,"kitchen","humidity",46.9
"211",1448502285.07,2015-11-26 01:44:45,"bedroom","temperature",24.8
"212",1448502285.07,2015-11-26 01:44:45,"bedroom","humidity",40.5
"213",1448505885.07,2015-11-26 02:44:45,"kitchen","temperature",24.1
"214",1448505885.07,2015-11-26 02:44:45,"kitchen","humidity",49
"215",1448505885.07,2015-11-26 02:44:45,"bedroom","temperature",24.7
"216",1448505885.07,2015-11-26 02:44:45,"bedroom","humidity",46.3
"217",1448509485.07,2015-11-26 03:44:45,"kitchen","temperature",23.3
"218",1448509485.07,2015-11-26 03:44:45,"kitchen","humidity",45.9
"219",1448509485.07,2015-11-26 03:44:45,"bedroom","temperature",24.1
"220",1448509485.07,2015-11-26 03:44:45,"bedroom","humidity",44.4
"221",1448513085.07,2015-11-26 04:44:45,"kitchen","temperature",24.8
"222",1448513085.07,2015-11-26 04:44:45,"kitchen","humidity",40.3
"223",1448513085.07,2015-11-26 04:44:45,"bedroom","temperature",23.4
"224",1448513085.07,2015-11-26 04:44:45,"bedroom","humidity",45.8
"225",1448516685.07,2015-11-26 05:44:45,"kitchen","temperature",24.6
"226",1448516685.07,2015-11-26 05:44:45,"kitchen","humidity",49.5
"227",1448516685.07,2015-11-26 05:44:45,"bedroom","temperature",23.1
"228",1448516685.07,2015-11-26 05:44:45,"bedroom","humidity",49.3
"229",1448520285.07,2015-11-26 06:44:45,"kitchen","temperature",23.9
"230",1448520285.07,2015-11-26 06:44:45,"kitchen","humidity",42
"231",1448520285.07,2015-11-26 06:44:45,"bedroom","temperature",23
"232",1448520285.07,2015-11-26 06:44:45,"bedroom","humidity",49.9
"233",1448523885.07,2015-11-26 07:44:45,"kitchen","temperature",23.3
"234",1448523885.07,2015-11-26 07:44:45,"kitchen","humidity",47.3
"235",1448523885.07,2015-11-26 07:44:45,"bedroom","temperature",24.5
"236",1448523885.07,2015-11-26 07:44:45,"bedroom","humidity",43.5
"237",1448527485.07,2015-11-26 08:44:45,"kitchen","temperature",24.7
"238",1448527485.07,2015-11-26 08:44:45,"kitchen","humidity",46.5
"239",1448527485.07,2015-11-26 08:44:45,"bedroom","temperature",23.2
"240",1448527485.07,2015-11-26 08:44:45,"bedroom","humidity",42.4
"241",1448658929.84,2015-11-27 21:15:29,"kitchen","temperature",23.4
"242",1448658929.84,2015-11-27 21:15:29,"kitchen","humidity",44.4
"243",1448658929.84,2015-11-27 21:15:29,"bedroom","temperature",24.9
"244",1448658929.84,2015-11-27 21:15:29,"bedroom","humidity",44
"245",1448658929.84,2015-11-27 21:15:29,"hallway","temperature",24.1
"246",1448658929.84,2015-11-27 21:15:29,"hallway","humidity",47.1
"247",1448658929.84,2015-11-27 21:15:29,"general","power",1228
"248",1448662529.84,2015-11-27 22:15:29,"kitchen","temperature",23.7
"249",1448662529.84,2015-11-27 22:15:29,"kitchen","humidity",48.3
"250",1448662529.84,2015-11-27 22:15:29,"bedroom","temperature",24.7
"251",1448662529.84,2015-11-27 22:15:29,"bedroom","humidity",44.5
"252",1448662529.84,2015-11-27 22:15:29,"hallway","temperature",24.9
"253",1448662529.84,2015-11-27 22:15:29,"hallway","humidity",42.1
"254",1448662529.84,2015-11-27 22:15:29,"general","power",1985
"255",1448666129.84,2015-11-27 23:15:29,"kitchen","temperature",24.5
"256",1448666129.84,2015-11-27 23:15:29,"kitchen","humidity",41.7
"257",1448666129.84,2015-11-27 23:15:29,"bedroom","temperature",24.4
"258",1448666129.84,2015-11-27 23:15:29,"bedroom","humidity",48.7
"259",1448666129.84,2015-11-27 23:15:29,"hallway","temperature",24
"260",1448666129.84,2015-11-27 23:15:29,"hallway","humidity",45.1
"261",1448666129.84,2015-11-27 23:15:29,"general","power",1475
"262",1448669729.84,2015-11-28 00:15:29,"kitchen","temperature",24.7
"263",1448669729.84,2015-11-28 00:15:29,"kitchen","humidity",49.9
"264",1448669729.84,2015-11-28 00:15:29,"bedroom","temperature",23
"265",1448669729.84,2015-11-28 00:15:29,"bedroom","humidity",42.8
"266",1448669729.84,2015-11-28 00:15:29,"hallway","temperature",24.1
"267",1448669729.84,2015-11-28 00:15:29,"hallway","humidity",48.2
"268",1448669729.84,2015-11-28 00:15:29,"general","power",1435
"269",1448673329.84,2015-11-28 01:15:29,"kitchen","temperature",24.8
"270",1448673329.84,2015-11-28 01:15:29,"kitchen","humidity",41.2
"271",1448673329.84,2015-11-28 01:15:29,"bedroom","temperature",23
"272",1448673329.84,2015-11-28 01:15:29,"bedroom","humidity",45.7
"273",1448673329.84,2015-11-28 01:15:29,"hallway","temperature",24.1
"274",1448673329.84,2015-11-28 01:15:29,"hallway","humidity",43.6
"275",1448673329.84,2015-11-28 01:15:29,"general","power",1907
"276",1448676929.84,2015-11-28 02:15:29,"kitchen","temperature",24.2
"277",1448676929.84,2015-11-28 02:15:29,"kitchen","humidity",48.7
"278",1448676929.84,2015-11-28 02:15:29,"bedroom","temperature",23.7
"279",1448676929.84,2015-11-28 02:15:29,"bedroom","humidity",47.2
"280",1448676929.84,2015-11-28 02:15:29,"hallway","temperature",23.6
"281",1448676929.84,2015-11-28 02:15:29,"hallway","humidity",44.4
"282",1448676929.84,2015-11-28 02:15:29,"general","power",1214
"283",1448680529.84,2015-11-28 03:15:29,"kitchen","temperature",23.8
"284",1448680529.84,2015-11-28 03:15:29,"kitchen","humidity",46
"285",1448680529.84,2015-11-28 03:15:29,"bedroom","temperature",23
"286",1448680529.84,2015-11-28 03:15:29,"bedroom","humidity",47.1
"287",1448680529.84,2015-11-28 03:15:29,"hallway","temperature",23.5
"288",1448680529.84,2015-11-28 03:15:29,"hallway","humidity",47.6
"289",1448680529.84,2015-11-28 03:15:29,"general","power",1840
"290",1448684129.84,2015-11-28 04:15:29,"kitchen","temperature",24.3
"291",1448684129.84,2015-11-28 04:15:29,"kitchen","humidity",44.3
"292",1448684129.84,2015-11-28 04:15:29,"bedroom","temperature",23.9
"293",1448684129.84,2015-11-28 04:15:29,"bedroom","humidity",41.9
"294",1448684129.84,2015-11-28 04:15:29,"hallway","temperature",23
"295",1448684129.84,2015-11-28 04:15:29,"hallway","humidity",49.2
"296",1448684129.84,2015-11-28 04:15:29,"general","power",1245
"297",1448687729.84,2015-11-28 05:15:29,"kitchen","temperature",23.3
"298",1448687729.84,2015-11-28 05:15:29,"kitchen","humidity",42.3
"299",1448687729.84,2015-11-28 05:15:29,"bedroom","temperature",24.7
"300",1448687729.84,2015-11-28 05:15:29,"bedroom","humidity",45.7
"301",1448687729.84,2015-11-28 05:15:29,"hallway","temperature",23.3
"302",1448687729.84,2015-11-28 05:15:29,"hallway","humidity",43.6
"303",1448687729.84,2015-11-28 05:15:29,"general","power",1464
"304",1448691329.84,2015-11-28 06:15:29,"kitchen","temperature",24.4
"305",1448691329.84,2015-11-28 06:15:29,"kitchen","humidity",44.9
"306",1448691329.84,2015-11-28 06:15:29,"bedroom","temperature",24.6
"307",1448691329.84,2015-11-28 06:15:29,"bedroom","humidity",46.9
"308",1448691329.84,2015-11-28 06:15:29,"hallway","temperature",24.9
"309",1448691329.84,2015-11-28 06:15:29,"hallway","humidity",44.5
"310",1448691329.84,2015-11-28 06:15:29,"general","power",1963
"311",1448694929.84,2015-11-28 07:15:29,"kitchen","temperature",24.1
"312",1448694929.84,2015-11-28 07:15:29,"kitchen","humidity",43.6
"313",1448694929.84,2015-11-28 07:15:29,"bedroom","temperature",24.5
"314",1448694929.84,2015-11-28 07:15:29,"bedroom","humidity",48.8
"315",1448694929.84,2015-11-28 07:15:29,"hallway","temperature",24.2
"316",1448694929.84,2015-11-28 07:15:29,"hallway","humidity",40.1
"317",1448694929.84,2015-11-28 07:15:29,"general","power",1566
"318",1448698529.84,2015-11-28 08:15:29,"kitchen","temperature",23.1
"319",1448698529.84,2015-11-28 08:15:29,"kitchen","humidity",49.7
"320",1448698529.84,2015-11-28 08:15:29,"bedroom","temperature",23.9
"321",1448698529.84,2015-11-28 08:15:29,"bedroom","humidity",45
"322",1448698529.84,2015-11-28 08:15:29,"hallway","temperature",24.3
"323",1448698529.84,2015-11-28 08:15:29,"hallway","humidity",43.6
"324",1448698529.84,2015-11-28 08:15:29,"general","power",1714
"325",1448702129.84,2015-11-28 09:15:29,"kitchen","temperature",24.2
"326",1448702129.84,2015-11-28 09:15:29,"kitchen","humidity",49.6
"327",1448702129.84,2015-11-28 09:15:29,"bedroom","temperature",24.4
"328",1448702129.84,2015-11-28 09:15:29,"bedroom","humidity",47.9
"329",1448702129.84,2015-11-28 09:15:29,"hallway","temperature",24.6
"330",1448702129.84,2015-11-28 09:15:29,"hallway","humidity",43.7
"331",1448702129.84,2015-11-28 09:15:29,"general","power",1171
"332",1448705729.84,2015-11-28 10:15:29,"kitchen","temperature",23.3
"333",1448705729.84,2015-11-28 10:15:29,"kitchen","humidity",42.8
"334",1448705729.84,2015-11-28 10:15:29,"bedroom","temperature",24.4
"335",1448705729.84,2015-11-28 10:15:29,"bedroom","humidity",46.7
"336",1448705729.84,2015-11-28 10:15:29,"hallway","temperature",24.9
"337",1448705729.84,2015-11-28 10:15:29,"hallway","humidity",47.3
"338",1448705729.84,2015-11-28 10:15:29,"general","power",1422
"339",1448709329.84,2015-11-28 11:15:29,"kitchen","temperature",23.6
"340",1448709329.84,2015-11-28 11:15:29,"kitchen","humidity",40.5
"341",1448709329.84,2015-11-28 11:15:29,"bedroom","temperature",24.3
"342",1448709329.84,2015-11-28 11:15:29,"bedroom","humidity",45.2
"343",1448709329.84,2015-11-28 11:15:29,"hallway","temperature",23.2
"344",1448709329.84,2015-11-28 11:15:29,"hallway","humidity",40.3
"345",1448709329.84,2015-11-28 11:15:29,"general","power",1019
"346",1448712929.84,2015-11-28 12:15:29,"kitchen","temperature",23.2
"347",1448712929.84,2015-11-28 12:15:29,"kitchen","humidity",48.1
"348",1448712929.84,2015-11-28 12:15:29,"bedroom","temperature",23.1
"349",1448712929.84,2015-11-28 12:15:29,"bedroom","humidity",43.4
"350",1448712929.84,2015-11-28 12:15:29,"hallway","temperature",24.9
"351",1448712929.84,2015-11-28 12:15:29,"hallway","humidity",48.5
"352",1448712929.84,2015-11-28 12:15:29,"general","power",1354
"353",1448716529.84,2015-11-28 13:15:29,"kitchen","temperature",23.1
"354",1448716529.84,2015-11-28 13:15:29,"kitchen","humidity",46.1
"355",1448716529.84,2015-11-28 13:15:29,"bedroom","temperature",24.7
"356",1448716529.84,2015-11-28 13:15:29,"bedroom","humidity",42.3
"357",1448716529.84,2015-11-28 13:15:29,"hallway","temperature",23.3
"358",1448716529.84,2015-11-28 13:15:29,"hallway","humidity",45.8
"359",1448716529.84,2015-11-28 13:15:29,"general","power",1530
"360",1448720129.84,2015-11-28 14:15:29,"kitchen","temperature",23.4
"361",1448720129.84,2015-11-28 14:15:29,"kitchen","humidity",48.4
"362",1448720129.84,2015-11-28 14:15:29,"bedroom","temperature",23.4
"363",1448720129.84,2015-11-28 14:15:29,"bedroom","humidity",44.3
"364",1448720129.84,2015-11-28 14:15:29,"hallway","temperature",24.4
"365",1448720129.84,2015-11-28 14:15:29,"hallway","humidity",45.4
"366",1448720129.84,2015-11-28 14:15:29,"general","power",1628
"367",1448723729.84,2015-11-28 15:15:29,"kitchen","temperature",23.3
"368",1448723729.84,2015-11-28 15:15:29,"kitchen","humidity",43.5
"369",1448723729.84,2015-11-28 15:15:29,"bedroom","temperature",23.9
"370",1448723729.84,2015-11-28 15:15:29,"bedroom","humidity",45
"371",1448723729.84,2015-11-28 15:15:29,"hallway","temperature",23
"372",1448723729.84,2015-11-28 15:15:29,"hallway","humidity",48.2
"373",1448723729.84,2015-11-28 15:15:29,"general","power",1128
"374",1448727329.84,2015-11-28 16:15:29,"kitchen","temperature",24.6
"375",1448727329.84,2015-11-28 16:15:29,"kitchen","humidity",46.1
"376",1448727329.84,2015-11-28 16:15:29,"bedroom","temperature",24.7
"377",1448727329.84,2015-11-28 16:15:29,"bedroom","humidity",40.7
"378",1448727329.84,2015-11-28 16:15:29,"hallway","temperature",24.2
"379",1448727329.84,2015-11-28 16:15:29,"hallway","humidity",46.1
"380",1448727329.84,2015-11-28 16:15:29,"general","power",1756
"381",1448730929.84,2015-11-28 17:15:29,"kitchen","temperature",24.6
"382",1448730929.84,2015-11-28 17:15:29,"kitchen","humidity",42.1
"383",1448730929.84,2015-11-28 17:15:29,"bedroom","temperature",24.3
"384",1448730929.84,2015-11-28 17:15:29,"bedroom","humidity",41.9
"385",1448730929.84,2015-11-28 17:15:29,"hallway","temperature",24
"386",1448730929.84,2015-11-28 17:15:29,"hallway","humidity",41.3
"387",1448730929.84,2015-11-28 17:15:29,"general","power",1918
"388",1448734529.84,2015-11-28 18:15:29,"kitchen","temperature",24.3
"389",1448734529.84,2015-11-28 18:15:29,"kitchen","humidity",46.1
"390",1448734529.84,2015-11-28 18:15:29,"bedroom","temperature",23.9
"391",1448734529.84,2015-11-28 18:15:29,"bedroom","humidity",48.8
"392",1448734529.84,2015-11-28 18:15:29,"hallway","temperature",24.2
"393",1448734529.84,2015-11-28 18:15:29,"hallway","humidity",43.9
"394",1448734529.84,2015-11-28 18:15:29,"general","power",1483
"395",1448738129.84,2015-11-28 19:15:29,"kitchen","temperature",24.6
"396",1448738129.84,2015-11-28 19:15:29,"kitchen","humidity",49.4
"397",1448738129.84,2015-11-28 19:15:29,"bedroom","temperature",23
"398",1448738129.84,2015-11-28 19:15:29,"bedroom","humidity",45
"399",1448738129.84,2015-11-28 19:15:29,"hallway","temperature",23.7
"400",1448738129.84,2015-11-28 19:15:29,"hallway","humidity",43.1
"401",1448738129.84,2015-11-28 19:15:29,"general","power",1291
"402",1448741729.84,2015-11-28 20:15:29,"kitchen","temperature",24.6
"403",1448741729.84,2015-11-28 20:15:29,"kitchen","humidity",43.9
"404",1448741729.84,2015-11-28 20:15:29,"bedroom","temperature",24.4
"405",1448741729.84,2015-11-28 20:15:29,"bedroom","humidity",48.2
"406",1448741729.84,2015-11-28 20:15:29,"hallway","temperature",24.8
"407",1448741729.84,2015-11-28 20:15:29,"hallway","humidity",42.2
"408",1448741729.84,2015-11-28 20:15:29,"general","power",1892
"409",1448745329.84,2015-11-28 21:15:29,"kitchen","temperature",23.8
"410",1448745329.84,2015-11-28 21:15:29,"kitchen","humidity",43.2
"411",1448745329.84,2015-11-28 21:15:29,"bedroom","temperature",24.8
"412",1448745329.84,2015-11-28 21:15:29,"bedroom","humidity",42.2
"413",1448745329.84,2015-11-28 21:15:29,"hallway","temperature",24.7
"414",1448745329.84,2015-11-28 21:15:29,"hallway","humidity",46.4
"415",1448745329.84,2015-11-28 21:15:29,"general","power",1478
"416",1448748929.84,2015-11-28 22:15:29,"kitchen","temperature",23.9
"417",1448748929.84,2015-11-28 22:15:29,"kitchen","humidity",44.1
"418",1448748929.84,2015-11-28 22:15:29,"bedroom","temperature",24.8
"419",1448748929.84,2015-11-28 22:15:29,"bedroom","humidity",47.1
"420",1448748929.84,2015-11-28 22:15:29,"hallway","temperature",23.7
"421",1448748929.84,2015-11-28 22:15:29,"hallway","humidity",46.5
"422",1448748929.84,2015-11-28 22:15:29,"general","power",1019
"423",1448752529.84,2015-11-28 23:15:29,"kitchen","temperature",24.6
"424",1448752529.84,2015-11-28 23:15:29,"kitchen","humidity",49.5
"425",1448752529.84,2015-11-28 23:15:29,"bedroom","temperature",24.4
"426",1448752529.84,2015-11-28 23:15:29,"bedroom","humidity",49.1
"427",1448752529.84,2015-11-28 23:15:29,"hallway","temperature",23.8
"428",1448752529.84,2015-11-28 23:15:29,"hallway","humidity",46.3
"429",1448752529.84,2015-11-28 23:15:29,"general","power",1900
"430",1448756129.84,2015-11-29 00:15:29,"kitchen","temperature",24.6
"431",1448756129.84,2015-11-29 00:15:29,"kitchen","humidity",40.2
"432",1448756129.84,2015-11-29 00:15:29,"bedroom","temperature",23.8
"433",1448756129.84,2015-11-29 00:15:29,"bedroom","humidity",46.6
"434",1448756129.84,2015-11-29 00:15:29,"hallway","temperature",23.7
"435",1448756129.84,2015-11-29 00:15:29,"hallway","humidity",41.4
"436",1448756129.84,2015-11-29 00:15:29,"general","power",1321
"437",1448759729.84,2015-11-29 01:15:29,"kitchen","temperature",23
"438",1448759729.84,2015-11-29 01:15:29,"kitchen","humidity",40.4
"439",1448759729.84,2015-11-29 01:15:29,"bedroom","temperature",24
"440",1448759729.84,2015-11-29 01:15:29,"bedroom","humidity",47.4
"441",1448759729.84,2015-11-29 01:15:29,"hallway","temperature",23.3
"442",1448759729.84,2015-11-29 01:15:29,"hallway","humidity",44.7
"443",1448759729.84,2015-11-29 01:15:29,"general","power",1149
"444",1448763329.84,2015-11-29 02:15:29,"kitchen","temperature",24
"445",1448763329.84,2015-11-29 02:15:29,"kitchen","humidity",41.6
"446",1448763329.84,2015-11-29 02:15:29,"bedroom","temperature",24.8
"447",1448763329.84,2015-11-29 02:15:29,"bedroom","humidity",48.1
"448",1448763329.84,2015-11-29 02:15:29,"hallway","temperature",23.8
"449",1448763329.84,2015-11-29 02:15:29,"hallway","humidity",43.9
"450",1448763329.84,2015-11-29 02:15:29,"general","power",1184
"451",1448766929.84,2015-11-29 03:15:29,"kitchen","temperature",24.2
"452",1448766929.84,2015-11-29 03:15:29,"kitchen","humidity",44.2
"453",1448766929.84,2015-11-29 03:15:29,"bedroom","temperature",23.6
"454",1448766929.84,2015-11-29 03:15:29,"bedroom","humidity",48
"455",1448766929.84,2015-11-29 03:15:29,"hallway","temperature",23.4
"456",1448766929.84,2015-11-29 03:15:29,"hallway","humidity",42.9
"457",1448766929.84,2015-11-29 03:15:29,"general","power",1864
"458",1448770529.84,2015-11-29 04:15:29,"kitchen","temperature",23.4
"459",1448770529.84,2015-11-29 04:15:29,"kitchen","humidity",42.8
"460",1448770529.84,2015-11-29 04:15:29,"bedroom","temperature",23.4
"461",1448770529.84,2015-11-29 04:15:29,"bedroom","humidity",43.2
"462",1448770529.84,2015-11-29 04:15:29,"hallway","temperature",24
"463",1448770529.84,2015-11-29 04:15:29,"hallway","humidity",46.2
"464",1448770529.84,2015-11-29 04:15:29,"general","power",1937
"465",1448774129.84,2015-11-29 05:15:29,"kitchen","temperature",24.9
"466",1448774129.84,2015-11-29 05:15:29,"kitchen","humidity",41.6
"467",1448774129.84,2015-11-29 05:15:29,"bedroom","temperature",23.8
"468",1448774129.84,2015-11-29 05:15:29,"bedroom","humidity",48.4
"469",1448774129.84,2015-11-29 05:15:29,"hallway","temperature",24.5
"470",1448774129.84,2015-11-29 05:15:29,"hallway","humidity",43.4
"471",1448774129.84,2015-11-29 05:15:29,"general","power",1157
"472",1448777729.84,2015-11-29 06:15:29,"kitchen","temperature",23.2
"473",1448777729.84,2015-11-29 06:15:29,"kitchen","humidity",47
"474",1448777729.84,2015-11-29 06:15:29,"bedroom","temperature",24.8
"475",1448777729.84,2015-11-29 06:15:29,"bedroom","humidity",45.1
"476",1448777729.84,2015-11-29 06:15:29,"hallway","temperature",23.3
"477",1448777729.84,2015-11-29 06:15:29,"hallway","humidity",49.8
"478",1448777729.84,2015-11-29 06:15:29,"general","power",1467
"479",1448781329.84,2015-11-29 07:15:29,"kitchen","temperature",24.1
"480",1448781329.84,2015-11-29 07:15:29,"kitchen","humidity",48.2
"481",1448781329.84,2015-11-29 07:15:29,"bedroom","temperature",23.4
"482",1448781329.84,2015-11-29 07:15:29,"bedroom","humidity",40.8
"483",1448781329.84,2015-11-29 07:15:29,"hallway","temperature",23.9
"484",1448781329.84,2015-11-29 07:15:29,"hallway","humidity",48.7
"485",1448781329.84,2015-11-29 07:15:29,"general","power",1890
"486",1448784929.84,2015-11-29 08:15:29,"kitchen","temperature",23.1
"487",1448784929.84,2015-11-29 08:15:29,"kitchen","humidity",40.9
"488",1448784929.84,2015-11-29 08:15:29,"bedroom","temperature",24
"489",1448784929.84,2015-11-29 08:15:29,"bedroom","humidity",44.5
"490",1448784929.84,2015-11-29 08:15:29,"hallway","temperature",23.2
"491",1448784929.84,2015-11-29 08:15:29,"hallway","humidity",44.6
"492",1448784929.84,2015-11-29 08:15:29,"general","power",1938
"493",1448788529.84,2015-11-29 09:15:29,"kitchen","temperature",24.9
"494",1448788529.84,2015-11-29 09:15:29,"kitchen","humidity",43
"495",1448788529.84,2015-11-29 09:15:29,"bedroom","temperature",23.2
"496",1448788529.84,2015-11-29 09:15:29,"bedroom","humidity",45.3
"497",1448788529.84,2015-11-29 09:15:29,"hallway","temperature",24.3
"498",1448788529.84,2015-11-29 09:15:29,"hallway","humidity",44.7
"499",1448788529.84,2015-11-29 09:15:29,"general","power",1700
"500",1448792129.84,2015-11-29 10:15:29,"kitchen","temperature",24.5
"501",1448792129.84,2015-11-29 10:15:29,"kitchen","humidity",40.8
"502",1448792129.84,2015-11-29 10:15:29,"bedroom","temperature",24.3
"503",1448792129.84,2015-11-29 10:15:29,"bedroom","humidity",44.9
"504",1448792129.84,2015-11-29 10:15:29,"hallway","temperature",24.2
"505",1448792129.84,2015-11-29 10:15:29,"hallway","humidity",49
"506",1448792129.84,2015-11-29 10:15:29,"general","power",1755
"507",1448795729.84,2015-11-29 11:15:29,"kitchen","temperature",24.2
"508",1448795729.84,2015-11-29 11:15:29,"kitchen","humidity",46.6
"509",1448795729.84,2015-11-29 11:15:29,"bedroom","temperature",24.6
"510",1448795729.84,2015-11-29 11:15:29,"bedroom","humidity",49.2
"511",1448795729.84,2015-11-29 11:15:29,"hallway","temperature",24.8
"512",1448795729.84,2015-11-29 11:15:29,"hallway","humidity",41.3
"513",1448795729.84,2015-11-29 11:15:29,"general","power",1656
"514",1448799329.84,2015-11-29 12:15:29,"kitchen","temperature",23.6
"515",1448799329.84,2015-11-29 12:15:29,"kitchen","humidity",45.7
"516",1448799329.84,2015-11-29 12:15:29,"bedroom","temperature",24.2
"517",1448799329.84,2015-11-29 12:15:29,"bedroom","humidity",46.2
"518",1448799329.84,2015-11-29 12:15:29,"hallway","temperature",24.5
"519",1448799329.84,2015-11-29 12:15:29,"hallway","humidity",47.8
"520",1448799329.84,2015-11-29 12:15:29,"general","power",1480
"521",1448802929.84,2015-11-29 13:15:29,"kitchen","temperature",23.5
"522",1448802929.84,2015-11-29 13:15:29,"kitchen","humidity",41.6
"523",1448802929.84,2015-11-29 13:15:29,"bedroom","temperature",24.2
"524",1448802929.84,2015-11-29 13:15:29,"bedroom","humidity",48.7
"525",1448802929.84,2015-11-29 13:15:29,"hallway","temperature",24.9
"526",1448802929.84,2015-11-29 13:15:29,"hallway","humidity",42.3
"527",1448802929.84,2015-11-29 13:15:29,"general","power",1799
"528",1448806529.84,2015-11-29 14:15:29,"kitchen","temperature",23
"529",1448806529.84,2015-11-29 14:15:29,"kitchen","humidity",43.1
"530",1448806529.84,2015-11-29 14:15:29,"bedroom","temperature",24.2
"531",1448806529.84,2015-11-29 14:15:29,"bedroom","humidity",42.6
"532",1448806529.84,2015-11-29 14:15:29,"hallway","temperature",24
"533",1448806529.84,2015-11-29 14:15:29,"hallway","humidity",45.2
"534",1448806529.84,2015-11-29 14:15:29,"general","power",1612
"535",1448810129.84,2015-11-29 15:15:29,"kitchen","temperature",24.7
"536",1448810129.84,2015-11-29 15:15:29,"kitchen","humidity",40.2
"537",1448810129.84,2015-11-29 15:15:29,"bedroom","temperature",24.6
"538",1448810129.84,2015-11-29 15:15:29,"bedroom","humidity",45.3
"539",1448810129.84,2015-11-29 15:15:29,"hallway","temperature",24.6
"540",1448810129.84,2015-11-29 15:15:29,"hallway","humidity",49.1
"541",1448810129.84,2015-11-29 15:15:29,"general","power",1908
"542",1448813729.84,2015-11-29 16:15:29,"kitchen","temperature",24.4
"543",1448813729.84,2015-11-29 16:15:29,"kitchen","humidity",46
"544",1448813729.84,2015-11-29 16:15:29,"bedroom","temperature",23.3
"545",1448813729.84,2015-11-29 16:15:29,"bedroom","humidity",47.3
"546",1448813729.84,2015-11-29 16:15:29,"hallway","temperature",24.9
"547",1448813729.84,2015-11-29 16:15:29,"hallway","humidity",40.7
"548",1448813729.84,2015-11-29 16:15:29,"general","power",1046
"549",1448817329.84,2015-11-29 17:15:29,"kitchen","temperature",23.2
"550",1448817329.84,2015-11-29 17:15:29,"kitchen","humidity",48.6
"551",1448817329.84,2015-11-29 17:15:29,"bedroom","temperature",24.8
"552",1448817329.84,2015-11-29 17:15:29,"bedroom","humidity",49.5
"553",1448817329.84,2015-11-29 17:15:29,"hallway","temperature",24.9
"554",1448817329.84,2015-11-29 17:15:29,"hallway","humidity",43.9
"555",1448817329.84,2015-11-29 17:15:29,"general","power",1232
"556",1448820929.84,2015-11-29 18:15:29,"kitchen","temperature",23.5
"557",1448820929.84,2015-11-29 18:15:29,"kitchen","humidity",41.6
"558",1448820929.84,2015-11-29 18:15:29,"bedroom","temperature",24.5
"559",1448820929.84,2015-11-29 18:15:29,"bedroom","humidity",46.8
"560",1448820929.84,2015-11-29 18:15:29,"hallway","temperature",23.4
"561",1448820929.84,2015-11-29 18:15:29,"hallway","humidity",48.1
"562",1448820929.84,2015-11-29 18:15:29,"general","power",1927
"563",1448824529.84,2015-11-29 19:15:29,"kitchen","temperature",24.8
"564",1448824529.84,2015-11-29 19:15:29,"kitchen","humidity",46.4
"565",1448824529.84,2015-11-29 19:15:29,"bedroom","temperature",24.7
"566",1448824529.84,2015-11-29 19:15:29,"bedroom","humidity",48.7
"567",1448824529.84,2015-11-29 19:15:29,"hallway","temperature",23.6
"568",1448824529.84,2015-11-29 19:15:29,"hallway","humidity",40.9
"569",1448824529.84,2015-11-29 19:15:29,"general","power",1933
"570",1448828129.84,2015-11-29 20:15:29,"kitchen","temperature",23.2
"571",1448828129.84,2015-11-29 20:15:29,"kitchen","humidity",40.9
"572",1448828129.84,2015-11-29 20:15:29,"bedroom","temperature",23.2
"573",1448828129.84,2015-11-29 20:15:29,"bedroom","humidity",43.5
"574",1448828129.84,2015-11-29 20:15:29,"hallway","temperature",23.8
"575",1448828129.84,2015-11-29 20:15:29,"hallway","humidity",46.9
"576",1448828129.84,2015-11-29 20:15:29,"general","power",1273
"577",1448831729.84,2015-11-29 21:15:29,"kitchen","temperature",23.9
"578",1448831729.84,2015-11-29 21:15:29,"kitchen","humidity",47
"579",1448831729.84,2015-11-29 21:15:29,"bedroom","temperature",24.5
"580",1448831729.84,2015-11-29 21:15:29,"bedroom","humidity",41.2
"581",1448831729.84,2015-11-29 21:15:29,"hallway","temperature",24.1
"582",1448831729.84,2015-11-29 21:15:29,"hallway","humidity",48.7
"583",1448831729.84,2015-11-29 21:15:29,"general","power",1167
"584",1448835329.84,2015-11-29 22:15:29,"kitchen","temperature",24.4
"585",1448835329.84,2015-11-29 22:15:29,"kitchen","humidity",48.6
"586",1448835329.84,2015-11-29 22:15:29,"bedroom","temperature",23.9
"587",1448835329.84,2015-11-29 22:15:29,"bedroom","humidity",49
"588",1448835329.84,2015-11-29 22:15:29,"hallway","temperature",24.9
"589",1448835329.84,2015-11-29 22:15:29,"hallway","humidity",43.7
"590",1448835329.84,2015-11-29 22:15:29,"general","power",1070
"591",1448838929.84,2015-11-29 23:15:29,"kitchen","temperature",24.9
"592",1448838929.84,2015-11-29 23:15:29,"kitchen","humidity",49.1
"593",1448838929.84,2015-11-29 23:15:29,"bedroom","temperature",24.3
"594",1448838929.84,2015-11-29 23:15:29,"bedroom","humidity",45.3
"595",1448838929.84,2015-11-29 23:15:29,"hallway","temperature",23.4
"596",1448838929.84,2015-11-29 23:15:29,"hallway","humidity",42
"597",1448838929.84,2015-11-29 23:15:29,"general","power",1300
"598",1448842529.84,2015-11-30 00:15:29,"kitchen","temperature",23.1
"599",1448842529.84,2015-11-30 00:15:29,"kitchen","humidity",44.2
"600",1448842529.84,2015-11-30 00:15:29,"bedroom","temperature",23.5
"601",1448842529.84,2015-11-30 00:15:29,"bedroom","humidity",48.5
"602",1448842529.84,2015-11-30 00:15:29,"hallway","temperature",24.8
"603",1448842529.84,2015-11-30 00:15:29,"hallway","humidity",49.5
"604",1448842529.84,2015-11-30 00:15:29,"general","power",1313
"605",1448846129.84,2015-11-30 01:15:29,"kitchen","temperature",23
"606",1448846129.84,2015-11-30 01:15:29,"kitchen","humidity",46.7
"607",1448846129.84,2015-11-30 01:15:29,"bedroom","temperature",23.4
"608",1448846129.84,2015-11-30 01:15:29,"bedroom","humidity",43.8
"609",1448846129.84,2015-11-30 01:15:29,"hallway","temperature",23.1
"610",1448846129.84,2015-11-30 01:15:29,"hallway","humidity",47.9
"611",1448846129.84,2015-11-30 01:15:29,"general","power",1665
"612",1448849729.84,2015-11-30 02:15:29,"kitchen","temperature",23.2
"613",1448849729.84,2015-11-30 02:15:29,"kitchen","humidity",41.1
"614",1448849729.84,2015-11-30 02:15:29,"bedroom","temperature",24.2
"615",1448849729.84,2015-11-30 02:15:29,"bedroom","humidity",49.7
"616",1448849729.84,2015-11-30 02:15:29,"hallway","temperature",24
"617",1448849729.84,2015-11-30 02:15:29,"hallway","humidity",43.1
"618",1448849729.84,2015-11-30 02:15:29,"general","power",1418
"619",1448853329.84,2015-11-30 03:15:29,"kitchen","temperature",24.6
"620",1448853329.84,2015-11-30 03:15:29,"kitchen","humidity",45.6
"621",1448853329.84,2015-11-30 03:15:29,"bedroom","temperature",24.7
"622",1448853329.84,2015-11-30 03:15:29,"bedroom","humidity",48.1
"623",1448853329.84,2015-11-30 03:15:29,"hallway","temperature",23.3
"624",1448853329.84,2015-11-30 03:15:29,"hallway","humidity",46.6
"625",1448853329.84,2015-11-30 03:15:29,"general","power",1208
"626",1448856929.84,2015-11-30 04:15:29,"kitchen","temperature",23.1
"627",1448856929.84,2015-11-30 04:15:29,"kitchen","humidity",48.2
"628",1448856929.84,2015-11-30 04:15:29,"bedroom","temperature",24.6
"629",1448856929.84,2015-11-30 04:15:29,"bedroom","humidity",40.4
"630",1448856929.84,2015-11-30 04:15:29,"hallway","temperature",23
"631",1448856929.84,2015-11-30 04:15:29,"hallway","humidity",45.7
"632",1448856929.84,2015-11-30 04:15:29,"general","power",1725
"633",1448860529.84,2015-11-30 05:15:29,"kitchen","temperature",23.6
"634",1448860529.84,2015-11-30 05:15:29,"kitchen","humidity",41.1
"635",1448860529.84,2015-11-30 05:15:29,"bedroom","temperature",24
"636",1448860529.84,2015-11-30 05:15:29,"bedroom","humidity",42.5
"637",1448860529.84,2015-11-30 05:15:29,"hallway","temperature",23.7
"638",1448860529.84,2015-11-30 05:15:29,"hallway","humidity",49.9
"639",1448860529.84,2015-11-30 05:15:29,"general","power",1060
"640",1448864129.84,2015-11-30 06:15:29,"kitchen","temperature",23.7
"641",1448864129.84,2015-11-30 06:15:29,"kitchen","humidity",46.1
"642",1448864129.84,2015-11-30 06:15:29,"bedroom","temperature",23.5
"643",1448864129.84,2015-11-30 06:15:29,"bedroom","humidity",40
"644",1448864129.84,2015-11-30 06:15:29,"hallway","temperature",23.9
"645",1448864129.84,2015-11-30 06:15:29,"hallway","humidity",41.5
"646",1448864129.84,2015-11-30 06:15:29,"general","power",1991
"647",1448867729.84,2015-11-30 07:15:29,"kitchen","temperature",24.2
"648",1448867729.84,2015-11-30 07:15:29,"kitchen","humidity",41.4
"649",1448867729.84,2015-11-30 07:15:29,"bedroom","temperature",23
"650",1448867729.84,2015-11-30 07:15:29,"bedroom","humidity",40.9
"651",1448867729.84,2015-11-30 07:15:29,"hallway","temperature",23.5
"652",1448867729.84,2015-11-30 07:15:29,"hallway","humidity",49.7
"653",1448867729.84,2015-11-30 07:15:29,"general","power",1030
"654",1448871329.84,2015-11-30 08:15:29,"kitchen","temperature",23.3
"655",1448871329.84,2015-11-30 08:15:29,"kitchen","humidity",47.9
"656",1448871329.84,2015-11-30 08:15:29,"bedroom","temperature",23.1
"657",1448871329.84,2015-11-30 08:15:29,"bedroom","humidity",46
"658",1448871329.84,2015-11-30 08:15:29,"hallway","temperature",23.8
"659",1448871329.84,2015-11-30 08:15:29,"hallway","humidity",42.8
"660",1448871329.84,2015-11-30 08:15:29,"general","power",1464
